<?xml version="1.0" encoding="UTF-8" standalone="yes"?>
<addon id="plugin.video.Ghostbusters"
       name="[B][LOWERCASE][CAPITALIZE][COLOR white]Ghostbusters[/CAPITALIZE][/LOWERCASE][/B][/COLOR]"
       version="0.1.0"
       provider-name="Ghostbusters">
 <requires>
    <import addon="xbmc.python" version="2.1.0"/>
    <import addon="script.module.beautifulsoup" version="3.2.1"/>
    <import addon="script.module.simple.downloader" version="0.9.4"/>
    <import addon="script.module.beautifulsoup4" />
    <import addon="script.module.requests" />
    <import addon="script.module.httplib2" />
    <import addon="script.module.liveresolver" version="0.1.24" optional="true"/>
    <import addon="script.module.youtube.dl" optional="true"/>
   	<import addon="script.module.simplejson" />
    <import addon="script.module.livestreamer" optional="true"/>
    <import addon="script.module.pyamf" optional="true"/>
  </requires>
  <extension point="xbmc.python.pluginsource" library="default.py">
    <provides>video</provides>
  </extension>
  
 <extension point="xbmc.addon.repository" name="Repositorio Ghostbusters">
        <info>https://raw.githubusercontent.com/AddonGhostbusters/Repositorio/master/Repositorio/addons.xml</info>
        <checksum>https://raw.githubusercontent.com/AddonGhostbusters/Repositorio/master/Repositorio/addons.xml.md5</checksum>
        <datadir zip="true">https://raw.githubusercontent.com/AddonGhostbusters/Repositorio/master/Repositorio/</datadir>
    </extension>
	
  


  <extension point="xbmc.addon.metadata">
    <summary>¿A que addon vas a llamar?...Ghostbusters</summary>
    <description>Addon Ghostbusters no contiene ningun enlace propio todos los enlaces en su inetrior estan recopilados de paginas web al alcance de todos los usuarios este addon es totalmente gratuito</description>
    <platform>all</platform>
	<assets>
        <icon>icon.gif</icon>
        <fanart>fanart.jpg</fanart>
    </assets>
  </extension>
</addon>
